MMult1,,
40,5.818182e-01,6.165565e+304
80,6.719160e-01,2.854410e+299
120,6.738156e-01,8.252345e+276
160,8.805762e-01,2.144667e+257
200,9.724670e-01,8.474527e+252
240,9.804951e-01,1.379711e+193
280,9.150670e-01,4.944852e+295
320,9.087329e-01,5.722604e+252
360,9.645449e-01,8.380525e+304
